<?xml version="1.0" encoding="UTF-8"?>
<project-private xmlns="http://www.netbeans.org/ns/project-private/1">
    <editor-bookmarks xmlns="http://www.netbeans.org/ns/editor-bookmarks/2" lastBookmarkId="0"/>
    <open-files xmlns="http://www.netbeans.org/ns/projectui-open-files/2">
        <group>
            <file>file:/G:/eglass/surajj/surajj/routes/index.js</file>
            <file>file:/G:/eglass/surajj/surajj/model/icecream.js</file>
            <file>file:/G:/eglass/surajj/surajj/routes/admin.js</file>
            <file>file:/G:/eglass/surajj/surajj/views/about/index.ejs</file>
            <file>file:/G:/eglass/surajj/surajj/model/menumodel.js</file>
            <file>file:/G:/eglass/surajj/surajj/model/emailsender.js</file>
            <file>file:/G:/eglass/surajj/surajj/views/w_layout/index.ejs</file>
            <file>file:/G:/eglass/surajj/surajj/views/loginindex.ejs</file>
            <file>file:/G:/eglass/surajj/surajj/views/admin/news.ejs</file>
            <file>file:/G:/eglass/surajj/surajj/views/admin/contactview.ejs</file>
            <file>file:/G:/eglass/surajj/surajj/model/dbconnect.js</file>
            <file>file:/G:/eglass/surajj/surajj/views/login/firstpage.ejs</file>
            <file>file:/G:/eglass/surajj/surajj/model/newsmodel.js</file>
        </group>
    </open-files>
</project-private>
